languages,conversations,percentage,pcum
1,216138,0.7534195959229771,0.7534195959229771
2,62992,0.21957919100935597,0.9729987869323331
3,6165,0.02149012116733362,0.9944889080996667
